<?xml version="1.0" encoding="UTF-8"?>
<metadata>
	<idinfo>
		<citation>
			<citeinfo>
				<origin>OCHA PAKISTAN</origin>
				<pubdate>24 March 2011</pubdate>
				<title Sync="TRUE">Pak_adm3_pco_20110324</title>
				<geoform Sync="TRUE">vector digital data</geoform>
				<serinfo>
					<sername>PCO administratve Boundaries</sername>
					<issue>V 1.2</issue>
				</serinfo>
				<pubinfo>
					<pubplace>Islamabad</pubplace>
					<publish>OCHA Pakistan</publish>
				</pubinfo>
				<onlink>http:\\pakresponse.info</onlink>
				<ftname Sync="TRUE">Pak_adm3_pco_20110324</ftname></citeinfo>
		</citation>
		<descript>
			<abstract>Level 3 (Tehsils/Taluka) of Pakistan (Country wide coverage)</abstract>
			<purpose>Create a country wide administrative boundary dataset based on PCO (Population Census Organisation) data.</purpose>
			<supplinf>This dataset fits to GAUL (Global Administrative Unit Layer) level 0 boundaries and holds the PCO (Population Census Organisation) administrative boundaries, level 3</supplinf>
			<langdata Sync="TRUE">en</langdata></descript>
		<timeperd>
			<timeinfo>
				<sngdate>
					<caldate>24 March 2011</caldate>
				</sngdate>
			</timeinfo>
			<current>publication date</current>
		</timeperd>
		<status>
			<progress>In work</progress>
			<update>Continually</update>
		</status>
		<spdom>
			<bounding>
				<westbc Sync="TRUE">60.878597</westbc>
				<eastbc Sync="TRUE">79.307352</eastbc>
				<northbc Sync="TRUE">37.089424</northbc>
				<southbc Sync="TRUE">23.694683</southbc>
			</bounding>
			<lboundng><leftbc Sync="TRUE">60.878597</leftbc><rightbc Sync="TRUE">79.307352</rightbc><bottombc Sync="TRUE">23.694683</bottombc><topbc Sync="TRUE">37.089424</topbc></lboundng></spdom>
		<keywords>
			<theme>
				<themekt>Level 3</themekt>
				<themekey>Pakistan Administrative Boundary</themekey>
			</theme>
		</keywords>
		<accconst>Not for resale, freely available for the Humanitarian Community</accconst>
		<useconst>
For use by the Humanitarian community.
GAUL, OCHA and PCO  are credited as the source of the data on any maps produced using this data.
</useconst>
		<ptcontac>
			<cntinfo>
				<cntorgp>
					<cntorg>OCHA PAKISTAN</cntorg>
					<cntper>OCHA GIS UNIT</cntper>
				</cntorgp>
				<cntemail>gis.ocha.pk@gmail.com</cntemail>
			</cntinfo>
		</ptcontac>
		<datacred>OCHA (Office for Coordination of Humanitarian Affairs), PCO (Population census Organisation), GAUL (Global Administrative Unit Layer).</datacred>
		<native Sync="TRUE">Microsoft Windows Vista Version 6.1 (Build 7600) ; ESRI ArcCatalog 9.3.1.3000</native>
		<crossref>
			<citeinfo>
				<origin>OCHA Pakistan</origin>
				<pubdate>03 March 2011</pubdate>
				<geoform>vector digital data</geoform>
				<serinfo>
					<sername>PCO administrative Boundaries</sername>
				</serinfo>
				<pubinfo>
					<pubplace>Islamabad - PAKISTAN</pubplace>
					<publish>OCHA Pakistan</publish>
				</pubinfo>
			</citeinfo>
		</crossref>
		<natvform Sync="TRUE">Shapefile</natvform></idinfo>
	<dataqual>
		<lineage>
			<srcinfo>
				<srccite>
					<citeinfo>
						<origin>OCHA - PAKISTAN</origin>
						<pubdate>03 March 2011</pubdate>
						<title>Pakistan Administrative boundaries</title>
						<edition>1.1</edition>
						<geoform>vector digital data</geoform>
						<serinfo>
							<sername>PCO administrative boundaries</sername>
							<issue>V 1.1</issue>
						</serinfo>
						<pubinfo>
							<pubplace>islamabad</pubplace>
							<publish>OCHA - Pakistan</publish>
						</pubinfo>
						<onlink>http://pakresponse.info</onlink>
					</citeinfo>
				</srccite>
				<srcscale>Variable</srcscale>
				<typesrc>paper</typesrc>
				<srccitea>GAUL, OCHA, PCO</srccitea>
				<srccontr>
Population Census Organistation
Office for Coordination of Humanitarian Affairs - Pakistan
Global Administrative Unit Layer (FAO)
</srccontr>
			</srcinfo>
			<procstep>
				<procdesc>Dataset copied.</procdesc>
				<srcused>D:\GIS\Mauza's\PCO_Admin1_2_3_Boundaries\admin 1 2 3 fitted to GAUL 0\Pak_adm3_pco_coded_20110223_GAP_eliminate</srcused>
				<procdate>20110301</procdate>
				<proctime>09225400</proctime>
			</procstep>
			<procstep>
				<procdesc>Dataset copied.</procdesc>
				<srcused></srcused>
				<procdate>20110301</procdate>
				<proctime>17352200</proctime>
			</procstep>
			<procstep>
				<procdesc>Dataset moved.</procdesc>
				<srcused>C:\PCO\Pakistan_Boundaries\Pak_adm3_pco_coded_FATA_20111</srcused>
				<procdate>20110301</procdate>
				<proctime>18130600</proctime>
			</procstep>
			<procstep>
				<procdesc>Dataset copied.</procdesc>
				<srcused>C:\PCO\Pakistan_Boundaries\Edits\Pak_adm3_pco_coded_FATA_2010203</srcused>
				<procdate>20110303</procdate>
				<proctime>15480900</proctime>
			</procstep>
			<procstep>
				<procdesc>Dataset copied.</procdesc>
				<srcused>C:\PCO\Pakistan_Boundaries\Pak_adm3_pco_coded_FATA_2010203</srcused>
				<procdate>20110304</procdate>
				<proctime>09514300</proctime>
			</procstep>
			<procstep>
				<procdesc>Metadata imported.</procdesc>
				<srcused>C:\Users\Bernard\AppData\Local\Temp\xmlE5C4.tmp</srcused>
				<procdate>20110307</procdate>
				<proctime>16551400</proctime>
			</procstep>
			<procstep>
				<procdesc>Metadata imported.</procdesc>
				<srcused>C:\Users\Bernard\AppData\Local\Temp\xml2228.tmp</srcused>
				<procdate>20110308</procdate>
				<proctime>09084500</proctime>
			</procstep>
			<procstep><procdesc Sync="TRUE">Metadata imported.</procdesc><srcused Sync="TRUE">C:\Users\Bernard\AppData\Local\Temp\xml707.tmp</srcused><procdate Sync="TRUE">20110328</procdate><proctime Sync="TRUE">13180700</proctime></procstep></lineage>
	</dataqual>
	<spdoinfo>
		<direct Sync="TRUE">Vector</direct>
		<ptvctinf><esriterm Name="Naional_Assembly_Merge"><efeatyp Sync="TRUE">Simple</efeatyp><efeageom code="4" Sync="TRUE"></efeageom><esritopo Sync="TRUE">FALSE</esritopo><efeacnt Sync="TRUE">0</efeacnt><spindex Sync="TRUE">TRUE</spindex><linrefer Sync="TRUE">FALSE</linrefer></esriterm></ptvctinf></spdoinfo>
	<spref>
		<horizsys>
			<geograph>
				<latres Sync="TRUE">0.000000</latres>
				<longres Sync="TRUE">0.000000</longres>
				<geogunit Sync="TRUE">Decimal degrees</geogunit>
			</geograph>
			<geodetic>
				<horizdn Sync="TRUE">D_WGS_1984</horizdn>
				<ellips Sync="TRUE">WGS_1984</ellips>
				<semiaxis Sync="TRUE">6378137.000000</semiaxis>
				<denflat Sync="TRUE">298.257224</denflat>
			</geodetic>
			<cordsysn><geogcsn Sync="TRUE">GCS_WGS_1984</geogcsn></cordsysn></horizsys>
	</spref>
	<eainfo>
		<detailed Name="Naional_Assembly_Merge">
			<enttyp>
				<enttypl Sync="TRUE">Naional_Assembly_Merge</enttypl>
				<enttypt Sync="TRUE">Feature Class</enttypt><enttypc Sync="TRUE">0</enttypc></enttyp>
			<attr><attrlabl Sync="TRUE">OBJECTID</attrlabl><attalias Sync="TRUE">OBJECTID</attalias><attrtype Sync="TRUE">OID</attrtype><attwidth Sync="TRUE">4</attwidth><atprecis Sync="TRUE">0</atprecis><attscale Sync="TRUE">0</attscale><attrdef Sync="TRUE">Internal feature number.</attrdef><attrdefs Sync="TRUE">Esri</attrdefs><attrdomv><udom Sync="TRUE">Sequential unique whole numbers that are automatically generated.</udom></attrdomv></attr><attr>
				<attrlabl>Shape</attrlabl>
				<attrdef>Feature geometry.</attrdef>
				<attrdefs>ESRI</attrdefs>
				<attrdomv>
					<udom>Coordinates defining the features.</udom>
				</attrdomv>
				<attalias Sync="TRUE">Shape</attalias><attrtype Sync="TRUE">Geometry</attrtype><attwidth Sync="TRUE">0</attwidth><atprecis Sync="TRUE">0</atprecis><attscale Sync="TRUE">0</attscale></attr>
			<attr>
				<attrlabl>PROVINCE</attrlabl>
				<attalias Sync="TRUE">PROVINCE</attalias><attrtype Sync="TRUE">String</attrtype><attwidth Sync="TRUE">30</attwidth><atprecis Sync="TRUE">0</atprecis><attscale Sync="TRUE">0</attscale></attr>
			<attr>
				<attrlabl>PROVINCE_C</attrlabl>
				<attalias Sync="TRUE">PROVINCE_C</attalias><attrtype Sync="TRUE">Double</attrtype><attwidth Sync="TRUE">8</attwidth><atprecis Sync="TRUE">0</atprecis><attscale Sync="TRUE">0</attscale></attr>
			<attr>
				<attrlabl>DISTRICT</attrlabl>
				<attalias Sync="TRUE">DISTRICT</attalias><attrtype Sync="TRUE">String</attrtype><attwidth Sync="TRUE">30</attwidth><atprecis Sync="TRUE">0</atprecis><attscale Sync="TRUE">0</attscale></attr>
			<attr><attrlabl Sync="TRUE">NA_Constituency</attrlabl><attalias Sync="TRUE">NA_Constituency</attalias><attrtype Sync="TRUE">Double</attrtype><attwidth Sync="TRUE">8</attwidth><atprecis Sync="TRUE">0</atprecis><attscale Sync="TRUE">0</attscale></attr><attr><attrlabl Sync="TRUE">NA_Constituency_</attrlabl><attalias Sync="TRUE">NA_Constituency_</attalias><attrtype Sync="TRUE">String</attrtype><attwidth Sync="TRUE">6</attwidth><atprecis Sync="TRUE">0</atprecis><attscale Sync="TRUE">0</attscale></attr><attr>
				<attrlabl>DISTRICT_C</attrlabl>
				<attalias Sync="TRUE">DISTRICT_C</attalias><attrtype Sync="TRUE">Integer</attrtype><attwidth Sync="TRUE">4</attwidth><atprecis Sync="TRUE">0</atprecis><attscale Sync="TRUE">0</attscale></attr>
			<attr>
				<attrlabl>TEHSIL</attrlabl>
				<attalias Sync="TRUE">TEHSIL</attalias><attrtype Sync="TRUE">String</attrtype><attwidth Sync="TRUE">30</attwidth><atprecis Sync="TRUE">0</atprecis><attscale Sync="TRUE">0</attscale></attr>
			<attr>
				<attrlabl>TEHSIL_C</attrlabl>
				<attalias Sync="TRUE">TEHSIL_C</attalias><attrtype Sync="TRUE">Double</attrtype><attwidth Sync="TRUE">8</attwidth><atprecis Sync="TRUE">0</atprecis><attscale Sync="TRUE">0</attscale></attr>
			<attr><attrlabl Sync="TRUE">NATIONAL_1</attrlabl><attalias Sync="TRUE">NATIONAL_1</attalias><attrtype Sync="TRUE">String</attrtype><attwidth Sync="TRUE">30</attwidth><atprecis Sync="TRUE">0</atprecis><attscale Sync="TRUE">0</attscale></attr><attr><attrlabl Sync="TRUE">Shape_Length</attrlabl><attalias Sync="TRUE">Shape_Length</attalias><attrtype Sync="TRUE">Double</attrtype><attwidth Sync="TRUE">8</attwidth><atprecis Sync="TRUE">0</atprecis><attscale Sync="TRUE">0</attscale><attrdef Sync="TRUE">Length of feature in internal units.</attrdef><attrdefs Sync="TRUE">Esri</attrdefs><attrdomv><udom Sync="TRUE">Positive real numbers that are automatically generated.</udom></attrdomv></attr><attr><attrlabl Sync="TRUE">Shape_Area</attrlabl><attalias Sync="TRUE">Shape_Area</attalias><attrtype Sync="TRUE">Double</attrtype><attwidth Sync="TRUE">8</attwidth><atprecis Sync="TRUE">0</atprecis><attscale Sync="TRUE">0</attscale><attrdef Sync="TRUE">Area of feature in internal units squared.</attrdef><attrdefs Sync="TRUE">Esri</attrdefs><attrdomv><udom Sync="TRUE">Positive real numbers that are automatically generated.</udom></attrdomv></attr></detailed>
	</eainfo>
	<distinfo>
		<distrib>
			<cntinfo>
				<cntorgp>
					<cntorg>OCHA PAKISTAN</cntorg>
					<cntper>GIS UNIT</cntper>
				</cntorgp>
				<cntemail>gis.ocha.pk@gmail.com</cntemail>
			</cntinfo>
		</distrib>
		<resdesc>Downloadable Data</resdesc>
		<stdorder>
			<digform>
				<digtinfo>
					<transize>0.308</transize>
					<dssize Sync="TRUE">2.178</dssize></digtinfo>
			</digform>
		</stdorder>
	</distinfo>
	<metainfo>
		<metd Sync="TRUE">20110328</metd>
		<metrd>20110307</metrd>
		<metfrd>On Editing</metfrd>
		<metc>
			<cntinfo>
				<cntorgp>
					<cntorg>OCHA Pakistan</cntorg>
					<cntper>OCHA PAKISTAN GIS UNIT</cntper>
				</cntorgp>
				<cntpos>GIS UNIT</cntpos>
				<cntaddr>
					<addrtype>REQUIRED: The mailing and/or physical address for the organization or individual.</addrtype>
					<city>REQUIRED: The city of the address.</city>
					<state>REQUIRED: The state or province of the address.</state>
					<postal>REQUIRED: The ZIP or other postal code of the address.</postal>
				</cntaddr>
				<cntvoice>REQUIRED: The telephone number by which individuals can speak to the organization or individual.</cntvoice>
				<cntemail>gis.ocha.pk@gmail.com</cntemail>
			</cntinfo>
		</metc>
		<metstdn Sync="TRUE">FGDC Content Standards for Digital Geospatial Metadata</metstdn>
		<metstdv Sync="TRUE">FGDC-STD-001-1998</metstdv>
		<mettc Sync="TRUE">local time</mettc>
		<metextns>
			<onlink>http://www.esri.com/metadata/esriprof80.html</onlink>
			<metprof>ESRI Metadata Profile</metprof>
		</metextns>
		<metextns>
			<onlink>http://www.esri.com/metadata/esriprof80.html</onlink>
			<metprof>ESRI Metadata Profile</metprof>
		</metextns>
		<metextns>
			<onlink>http://www.esri.com/metadata/esriprof80.html</onlink>
			<metprof>ESRI Metadata Profile</metprof>
		</metextns>
		<langmeta Sync="TRUE">en</langmeta></metainfo>
	<Esri><CreaDate>20130216</CreaDate><CreaTime>21370100</CreaTime><SyncOnce>FALSE</SyncOnce><SyncDate>20130202</SyncDate><SyncTime>13043400</SyncTime><ModDate>20130202</ModDate><ModTime>13043400</ModTime><ArcGISFormat>1.0</ArcGISFormat><DataProperties><itemProps><itemLocation><linkage Sync="TRUE">file://\\SUPERNOVA-PC\C$\Users\Shoaib\Documents\ArcGIS\Default.gdb</linkage><protocol Sync="TRUE">Local Area Network</protocol></itemLocation><itemName Sync="TRUE">Naional_Assembly_Merge</itemName><imsContentType Sync="TRUE">002</imsContentType></itemProps><coordRef><type Sync="TRUE">Geographic</type><geogcsn Sync="TRUE">GCS_WGS_1984</geogcsn><csUnits Sync="TRUE">Angular Unit: Degree (0.017453)</csUnits><peXml Sync="TRUE">&lt;GeographicCoordinateSystem xsi:type='typens:GeographicCoordinateSystem' xmlns:xsi='http://www.w3.org/2001/XMLSchema-instance' xmlns:xs='http://www.w3.org/2001/XMLSchema' xmlns:typens='http://www.esri.com/schemas/ArcGIS/10.1'&gt;&lt;WKT&gt;GEOGCS[&amp;quot;GCS_WGS_1984&amp;quot;,DATUM[&amp;quot;D_WGS_1984&amp;quot;,SPHEROID[&amp;quot;WGS_1984&amp;quot;,6378137.0,298.257223563]],PRIMEM[&amp;quot;Greenwich&amp;quot;,0.0],UNIT[&amp;quot;Degree&amp;quot;,0.0174532925199433],AUTHORITY[&amp;quot;EPSG&amp;quot;,4326]]&lt;/WKT&gt;&lt;XOrigin&gt;-400&lt;/XOrigin&gt;&lt;YOrigin&gt;-400&lt;/YOrigin&gt;&lt;XYScale&gt;11258999068426.238&lt;/XYScale&gt;&lt;ZOrigin&gt;-100000&lt;/ZOrigin&gt;&lt;ZScale&gt;10000&lt;/ZScale&gt;&lt;MOrigin&gt;-100000&lt;/MOrigin&gt;&lt;MScale&gt;10000&lt;/MScale&gt;&lt;XYTolerance&gt;8.983152841195215e-009&lt;/XYTolerance&gt;&lt;ZTolerance&gt;0.001&lt;/ZTolerance&gt;&lt;MTolerance&gt;0.001&lt;/MTolerance&gt;&lt;HighPrecision&gt;true&lt;/HighPrecision&gt;&lt;LeftLongitude&gt;-180&lt;/LeftLongitude&gt;&lt;WKID&gt;4326&lt;/WKID&gt;&lt;LatestWKID&gt;4326&lt;/LatestWKID&gt;&lt;/GeographicCoordinateSystem&gt;</peXml></coordRef><lineage><Process ToolSource="c:\program files (x86)\arcgis\desktop10.1\ArcToolbox\Toolboxes\Data Management Tools.tbx\Merge" Date="20130202" Time="130434">Merge Naional_Assembly;NA-SIND C:\Users\Shoaib\Documents\ArcGIS\Default.gdb\Naional_Assembly_Merge "PROVINCE "PROVINCE" true true false 30 Text 0 0 ,First,#,Naional_Assembly,PROVINCE,-1,-1,NA-SIND,PROVINCE,-1,-1;DISTRICT "DISTRICT" true true false 30 Text 0 0 ,First,#,Naional_Assembly,DISTRICT,-1,-1,NA-SIND,DISTRICT,-1,-1;TEHSIL "TEHSIL" true true false 30 Text 0 0 ,First,#,Naional_Assembly,TEHSIL,-1,-1,NA-SIND,TEHSIL,-1,-1;Shape_Length "Shape_Length" false true true 8 Double 0 0 ,First,#,Naional_Assembly,Shape_Length,-1,-1;Shape_Area "Shape_Area" false true true 8 Double 0 0 ,First,#,Naional_Assembly,Shape_Area,-1,-1;NA_Constituency "NA_Constituency" true true false 8 Double 0 0 ,First,#,Naional_Assembly,NA_Constituency,-1,-1;NA_Constituency_ "NA_Constituency_" true true false 6 Text 0 0 ,First,#,Naional_Assembly,NA_Constituency_,-1,-1;PROVINCE_C "PROVINCE_C" true true false 19 Double 6 18 ,First,#,NA-SIND,PROVINCE_C,-1,-1;DISTRICT_C "DISTRICT_C" true true false 9 Long 0 9 ,First,#,NA-SIND,DISTRICT_C,-1,-1;TEHSIL_C "TEHSIL_C" true true false 19 Double 6 18 ,First,#,NA-SIND,TEHSIL_C,-1,-1;NATIONAL_1 "NATIONAL_1" true true false 30 Text 0 0 ,First,#,NA-SIND,NATIONAL_1,-1,-1"</Process></lineage></DataProperties></Esri><dataIdInfo><envirDesc Sync="TRUE"> Version 6.2 (Build 9200) ; Esri ArcGIS 10.1.0.3035</envirDesc><dataLang><languageCode Sync="TRUE" value="eng"></languageCode><countryCode value="USA" Sync="TRUE"></countryCode></dataLang><idCitation><resTitle Sync="TRUE">Naional_Assembly_Merge</resTitle><presForm><PresFormCd Sync="TRUE" value="005"></PresFormCd></presForm></idCitation><spatRpType><SpatRepTypCd Sync="TRUE" value="001"></SpatRepTypCd></spatRpType><dataExt><geoEle><GeoBndBox esriExtentType="native"><westBL Sync="TRUE">60.878597</westBL><eastBL Sync="TRUE">79.307352</eastBL><northBL Sync="TRUE">37.089424</northBL><southBL Sync="TRUE">23.694683</southBL><exTypeCode Sync="TRUE">1</exTypeCode></GeoBndBox></geoEle></dataExt><geoBox esriExtentType="decdegrees"><westBL Sync="TRUE">60.878597</westBL><eastBL Sync="TRUE">79.307352</eastBL><northBL Sync="TRUE">37.089424</northBL><southBL Sync="TRUE">23.694683</southBL><exTypeCode Sync="TRUE">1</exTypeCode></geoBox></dataIdInfo><mdLang><languageCode Sync="TRUE" value="eng"></languageCode><countryCode value="USA" Sync="TRUE"></countryCode></mdLang><mdStanName Sync="TRUE">ISO 19115 Geographic Information - Metadata</mdStanName><mdStanVer Sync="TRUE">DIS_ESRI1.0</mdStanVer><mdChar><CharSetCd Sync="TRUE" value="004"></CharSetCd></mdChar><mdHrLv><ScopeCd Sync="TRUE" value="005"></ScopeCd></mdHrLv><mdHrLvName Sync="TRUE">dataset</mdHrLvName><distInfo><distributor><distorTran><onLineSrc><orDesc Sync="TRUE">002</orDesc><linkage Sync="TRUE">file://\\172.18.155.152\information management\admin1_5_pco_20110303\Pak_adm3_pco_20110324.shp</linkage><protocol Sync="TRUE">Local Area Network</protocol></onLineSrc><transSize Sync="TRUE">2.178</transSize></distorTran><distorFormat><formatName Sync="TRUE">Shapefile</formatName></distorFormat></distributor><distFormat><formatName Sync="TRUE">File Geodatabase Feature Class</formatName></distFormat></distInfo><refSysInfo><RefSystem><refSysID><identCode Sync="TRUE" value="4326">GCS_WGS_1984</identCode><idCodeSpace Sync="TRUE">EPSG</idCodeSpace><idVersion Sync="TRUE">7.9.4</idVersion></refSysID></RefSystem></refSysInfo><spatRepInfo><VectSpatRep><geometObjs Name="Naional_Assembly_Merge"><geoObjTyp><GeoObjTypCd value="002" Sync="TRUE"></GeoObjTypCd></geoObjTyp><geoObjCnt Sync="TRUE">0</geoObjCnt></geometObjs><topLvl><TopoLevCd value="001" Sync="TRUE"></TopoLevCd></topLvl></VectSpatRep></spatRepInfo><mdDateSt Sync="TRUE">20130202</mdDateSt></metadata>
